"","X.1","X","Player.Name","PlayYN","Total.Strokes","Scoring.Avg.Total.Adjustment.","Total.Rounds.","Birdie_Or_Better","Total.Holes.Over.Par","FGAvg_PositionMasters","FGAvg_ScoreMasters","FGBirdieBogey_RatioMasters","FGSGT2GMasters","FGSGPuttingMasters","FGFormIndMasters","FG_Points","Value","Course_History","GA_Form","SG_Total","GA_Form2","GA_Form3"
"1",37,37,"DeChambeau, Bryson","Y",282,2.149,4,18,13,27,71.03725,1.384615385,0.63,4.572,2.387060541,0,6,0,5.202,5.202,5.202,0
"2",4,4,"Aphibarnrat, Kiradech","Y",853,4.412,12,53,39,28.33333333,71.451,1.358974359,-0.124,4.772333333,2.309777376,0,11,0,4.648333333,4.648333333,4.648333333,0
"3",40,40,"Donaldson, Jamie","Y",1140,-9.744,16,52,51,33.5,70.641,1.019607843,-0.32125,4.357,1.957780363,0,10.5,7,11.03575,4.03575,4.73575,0
"4",35,35,"Day, Jason","Y",1260,10.199,18,83,45,28.8,70.56661111,1.844444444,0.0802,2.908,2.282429398,0,15,30,32.9882,2.9882,5.9882,0
"5",175,175,"Stricker, Steve","N",1546,6.947,22,86,65,68.28571429,70.5885,1.323076923,-0.650857143,3.147285714,0.977788622,0,5.5,19,21.49642857,2.496428571,4.396428571,0
"6",127,127,"Mickelson, Phil","Y",1801,-2.579,26,119,54,24.28571429,69.17003846,2.203703704,0.195857143,2.264571429,2.656125549,0,13.5,27,29.46042857,2.460428572,5.160428572,0
"7",65,65,"Hadwin, Adam","N",2967,15.177,42,160,117,59.15384615,71.00421429,1.367521368,0.196,2.216153846,1.136435641,0,6,0,2.412153846,2.412153846,2.412153846,0
"8",88,88,"Johnson, Dustin","Y",1956,7.184,28,141,75,13.57142857,70.11371429,1.88,0.684857143,1.496857143,4.866989474,0,14.5,17,19.18171429,2.181714286,3.881714286,0
"9",167,167,"Spieth, Jordan","Y",1813,8.423,26,124,67,25.14285714,70.05473077,1.850746269,0.531,1.541571429,2.630226656,0,15,20,22.07257143,2.072571429,4.072571429,0
"10",96,96,"Kim, K.T.","N",573,2.263,8,34,27,34.5,71.907875,1.259259259,-1.519,3.5815,1.988003355,0,8.5,2,4.0625,2.0625,2.2625,0
"11",199,199,"Willett, Danny","Y",834,-3.555,12,56,27,9.333333333,69.20375,2.074074074,0.286,1.582666667,6.992250992,0,14,2,3.868666667,1.868666667,2.068666667,0
"12",67,67,"Harman, Brian","N",3397,21.828,48,179,136,56.64285714,71.22558333,1.316176471,0.078857143,1.757357143,1.20179659,0,7,0,1.836214286,1.836214286,1.836214286,0
"13",136,136,"O'Hair, Sean","N",2586,16.321,37,145,89,46,70.333,1.629213483,0.320181818,1.483,1.454360972,0,6.5,2,3.803181818,1.803181818,2.003181818,0
"14",43,43,"Dunne, Paul","N",650,-7.98,9,27,33,70.33333333,71.33555556,0.818181818,0.128333333,1.668333333,0.977071665,0,7,0,1.796666666,1.796666666,1.796666666,0
"15",98,98,"Kisner, Kevin","Y",2493,31.94,36,168,83,37,70.13722222,2.024096386,0.6087,1.1834,1.792460158,0,13.5,0,1.7921,1.7921,1.7921,0
"16",72,72,"Henley, Russell","N",2323,14.435,33,124,80,64.09090909,70.83136364,1.55,0.047363636,1.632090909,1.05478156,0,8,0,1.679454545,1.679454545,1.679454545,0
"17",99,99,"Kizzire, Patton","N",2947,6.342,42,173,116,48.5,70.31766667,1.49137931,-0.3325,1.966,1.385418296,0,8.5,0,1.6335,1.6335,1.6335,0
"18",191,191,"Walker, Jimmy","Y",2377,4.328,34,152,98,28.33333333,70.03905882,1.551020408,0.143111111,1.490111111,2.359581748,0,13,12,13.63322222,1.633222222,2.833222222,0
"19",104,104,"Koepka, Brooks","Y",1968,8.186,28,121,84,42.5,70.57807143,1.44047619,0.481625,1.126875,1.588919888,0,13.5,2,3.6085,1.6085,1.8085,0
"20",161,161,"Scott, Adam","Y",1925,13.628,28,141,62,20.57142857,69.23671429,2.274193548,0.441714286,1.117142857,3.179344758,0,14,37,38.55885714,1.558857143,5.258857143,0
"21",131,131,"Moore, Ryan","Y",2175,12.945,31,120,78,32.5,70.57887097,1.538461538,0.0865,1.43725,2.077435675,0,9.5,9,10.52375,1.52375,2.42375,0
"22",190,190,"Wagner, Johnson","N",2319,23.011,33,128,84,64.63636364,70.9700303,1.523809524,0.138636364,1.344181818,1.051473177,0,5.5,0,1.482818182,1.482818182,1.482818182,0
"23",115,115,"Lovemark, Jamie","N",3359,15.631,48,193,120,42.21428571,70.3048125,1.608333333,0.4695,1.006,1.592375141,0,6.5,0,1.4755,1.4755,1.4755,0
"24",106,106,"Kuchar, Matt","Y",2094,13.657,30,125,74,37.625,70.25523333,1.689189189,0.097875,1.27175,1.785951339,0,12.5,37,38.369625,1.369625,5.069625,0
"25",113,113,"Loupe, Andrew","N",2979,6.911,42,181,146,56.23076923,71.09311905,1.239726027,0.062692308,1.277,1.218437906,0,5.5,0,1.339692308,1.339692308,1.339692308,0
"26",160,160,"Schwartzel, Charl","Y",1683,0.585,24,96,54,19.5,70.149375,1.777777778,0.255166667,1.068333333,3.43836396,0,12,19,20.3235,1.3235,3.2235,0
"27",117,117,"Mahan, Hunter","Y",2219,-1.785,31,108,97,67,71.52306452,1.113402062,0.2565,1.0513,1.031371081,0,8,20,21.3078,1.3078,3.3078,0
"28",179,179,"Swafford, Hudson","N",3250,17.872,46,174,129,58.35714286,71.04069565,1.348837209,0.422071429,0.881571429,1.171891087,0,5.5,0,1.303642858,1.303642858,1.303642858,0
"29",89,89,"Johnson, Zach","Y",1963,23.461,28,112,70,46.125,70.94503571,1.6,-0.098,1.33075,1.476689121,0,13.5,14,15.23275,1.23275,2.63275,0
"30",20,20,"Casey, Paul","Y",1822,7.042,26,107,62,34.85714286,70.34776923,1.725806452,0.493142857,0.725428571,1.93370385,0,12.5,12,13.21857143,1.218571428,2.418571428,0
"31",92,92,"Kataoka, Daisuke","N",270,6.264,4,17,8,33,69.066,2.125,0.484,0.727,1.991818182,0,5.5,0,1.211,1.211,1.211,0
"32",166,166,"Snedeker, Brandt","Y",2302,19.781,33,142,73,42.4,70.357,1.945205479,-0.2217,1.4039,1.585603644,0,14,22,23.1822,1.1822,3.3822,0
"33",123,123,"McGirt, William","N",2937,22.122,42,173,110,47.83333333,70.45528571,1.572727273,0.141,1.020083333,1.415779967,0,6.5,0,1.161083333,1.161083333,1.161083333,0
"34",178,178,"Summerhays, Daniel","N",3023,23.26,43,171,125,48.66666667,70.84325581,1.368,0.034833333,1.12575,1.403726147,0,7,0,1.160583333,1.160583333,1.160583333,0
"35",177,177,"Sullivan, Andy","Y",1428,-2.159,20,70,64,40.4,71.29205,1.09375,0.0646,1.0818,1.709205446,0,12.5,0,1.1464,1.1464,1.1464,0
"36",48,48,"Fathauer, Derek","N",3605,11.972,51,194,143,57.73333333,70.92101961,1.356643357,-0.193733333,1.302866667,1.185714369,0,5,0,1.109133334,1.109133334,1.109133334,0
"37",101,101,"Knost, Colt","N",3394,14.62,48,163,120,47.53846154,71.01291667,1.358333333,-0.166384615,1.265153846,1.442112594,0,5.5,0,1.098769231,1.098769231,1.098769231,0
"38",6,6,"Baddeley, Aaron","N",2818,18.121,40,158,104,53,70.903025,1.519230769,-0.1445,1.21625,1.288906495,0,5,4,5.07175,1.07175,1.47175,0
"39",110,110,"Leishman, Marc","Y",2014,26.839,29,125,63,39.5,70.37375862,1.984126984,0.481375,0.582375,1.7044527,0,12.5,10,11.06375,1.06375,2.06375,0
"40",124,124,"McIlroy, Rory","Y",1535,4.323,22,101,51,31,69.96922727,1.980392157,0.756333333,0.210833333,2.161989305,0,15,32,32.96716667,0.967166666,4.167166666,0
"41",188,188,"Vegas, Jhonattan","N",2820,21.03,40,145,94,44.36363636,71.02575,1.542553191,0.419545455,0.516636364,1.545117141,0,5,0,0.936181819,0.936181819,0.936181819,0
"42",86,86,"Jacobson, Freddie","N",3381,9.275,48,186,122,48.92857143,70.63072917,1.524590164,-0.294071429,1.208571429,1.393697731,0,7.5,10,10.9145,0.9145,1.9145,0
"43",10,10,"Blixt, Jonas","N",2915,7.661,41,155,123,64.85714286,71.28441463,1.260162602,-0.331357143,1.235857143,1.065723049,0,6.5,15,15.9045,0.9045,2.4045,0
"44",46,46,"English, Harris","Y",2957,13.371,42,163,112,48.66666667,70.72311905,1.455357143,-0.1865,1.078416667,1.404983121,0,8,0,0.891916667,0.891916667,0.891916667,0
"45",116,116,"Lowry, Shane","Y",1863,-11.964,26,91,89,45,71.19369231,1.02247191,0.378142857,0.501714286,1.539808072,0,13,0,0.879857143,0.879857143,0.879857143,0
"46",11,11,"Bohn, Jason","N",2009,20.633,29,126,63,42.375,69.98734483,2,0.37775,0.500375,1.583698403,0,8.5,0,0.878125,0.878125,0.878125,0
"47",81,81,"Howell III, Charles","N",3763,24.597,54,212,117,29.92857143,70.14068519,1.811965812,0.134142857,0.733642857,2.254064609,0,7,5,5.867785714,0.867785714,1.367785714,0
"48",126,126,"Merritt, Troy","Y",2266,32.871,32,124,88,67.81818182,71.83971875,1.409090909,-0.220818182,1.078636364,1.025872528,0,7,0,0.857818182,0.857818182,0.857818182,0
"49",79,79,"Holmes, J.B.","Y",1699,1.09,24,99,65,19.5,70.83708333,1.523076923,0.726666667,0.124833333,3.510897765,0,13,0,0.8515,0.8515,0.8515,0
"50",85,85,"Iwata, Hiroshi","N",3000,7.295,42,144,139,70.64285714,71.6022619,1.035971223,0.038857143,0.785714286,0.987243751,0,7.5,0,0.824571429,0.824571429,0.824571429,0
"51",183,183,"Todd, Brendon","N",2506,15.928,35,105,102,89.57142857,72.05508571,1.029411765,-0.365142857,1.155857143,0.784122357,0,7.5,0,0.790714286,0.790714286,0.790714286,0
"52",157,157,"Rose, Justin","Y",1537,1.576,22,95,53,25.5,69.93527273,1.79245283,0.432666667,0.350666667,2.641548493,0,14.5,35,35.78333333,0.783333334,4.283333334,0
"53",76,76,"Hoffmann, Morgan","N",2421,11.61,34,126,111,74.41666667,71.54735294,1.135135135,-0.21375,0.9945,0.935697216,0,6.5,0,0.78075,0.78075,0.78075,0
"54",80,80,"Horschel, Billy","Y",1916,-7.919,27,111,90,36.28571429,70.66966667,1.233333333,0.537,0.232,1.892406824,0,10.5,2,2.769,0.769,0.969,0
"55",8,8,"Berger, Daniel","Y",2678,11.474,38,149,100,48.45454545,70.77563158,1.49,0.348363636,0.402909091,1.414405155,0,9.5,0,0.751272727,0.751272727,0.751272727,0
"56",58,58,"Goosen, Retief","N",2137,-9.405,30,96,82,47.75,70.91983333,1.170731707,-0.407625,1.14025,1.445371238,0,5.5,0,0.732625,0.732625,0.732625,0
"57",120,120,"Martin, Ben","N",2748,24.777,39,157,118,55,71.09684615,1.330508475,0.040090909,0.675727273,1.255463991,0,7.5,0,0.715818182,0.715818182,0.715818182,0
"58",1,1,"Aiken, Thomas","N",2347,18.21,33,108,96,71.3,71.6730303,1.125,0.3858,0.3296,0.97941978,0,5.5,0,0.7154,0.7154,0.7154,0
"59",52,52,"Fitzpatrick, Matthew","Y",991,0.431,14,56,41,42,70.8165,1.365853659,-0.4395,1.15125,1.636640389,0,10.5,0,0.71175,0.71175,0.71175,0
"60",172,172,"Stenson, Henrik","Y",1676,8.365,24,111,58,17,70.181875,1.913793103,0.324,0.321666667,3.977789131,0,14.5,17,17.64566667,0.645666667,2.345666667,0
"61",184,184,"Toms, David","N",1912,6.405,27,87,62,55.25,71.05203704,1.403225806,-0.249,0.85175,1.249702466,0,5.5,12,12.60275,0.60275,1.80275,0
"62",93,93,"Kaufman, Smylie","Y",3358,26.395,48,207,121,33.92307692,70.50822917,1.710743802,0.323692308,0.256461538,2.010941745,0,6,0,0.580153846,0.580153846,0.580153846,0
"63",194,194,"Watson, Bubba","Y",1596,14.664,23,104,49,22,70.02886957,2.12244898,0.898166667,-0.400666667,3.064041845,0,15,26,26.4975,0.4975,3.0975,0
"64",118,118,"Malnati, Peter","N",3182,32.748,45,171,129,74,71.43884444,1.325581395,-0.5581875,1.052625,0.94079494,0,6,0,0.4944375,0.4944375,0.4944375,0
"65",26,26,"Choi, K.J.","N",2748,5.396,39,130,93,51.90909091,70.59989744,1.397849462,-0.517363636,0.996272727,1.323913359,0,7.5,14,14.47890909,0.478909091,1.878909091,0
"66",16,16,"Brown, Scott","N",3757,9.544,53,196,158,50.4,71.06686792,1.240506329,0.3168,0.150866667,1.376164582,0,5.5,0,0.467666667,0.467666667,0.467666667,0
"67",142,142,"Palmer, Ryan","N",2666,7.373,38,155,108,37.6,70.35192105,1.435185185,0.7612,-0.3408,1.82171106,0,9,12,12.4204,0.4204,1.6204,0
"68",185,185,"Tringale, Cameron","N",2546,18.752,36,140,103,58.36363636,71.24311111,1.359223301,-0.254181818,0.665,1.190348545,0,8,2,2.410818182,0.410818182,0.610818182,0
"69",23,23,"Chalmers, Greg","N",800,7.34,11,27,33,88.75,73.39454545,0.818181818,0.37125,0.02775,0.813266069,0,5,0,0.399,0.399,0.399,0
"70",63,63,"Haas, Bill","Y",1963,13.626,28,107,62,39.625,70.59378571,1.725806452,0.1375,0.24575,1.728321243,0,11,19,19.38325,0.38325,2.28325,0
"71",108,108,"Laird, Martin","N",2974,9.745,42,161,118,55.16666667,71.04154762,1.36440678,-0.211416667,0.564583333,1.256627931,0,6,7,7.353166666,0.353166666,1.053166666,0
"72",33,33,"Curran, Jon","N",3264,23.709,46,159,126,69.86666667,71.47193478,1.261904762,-0.717933333,1.041066667,1.000289552,0,5.5,0,0.323133334,0.323133334,0.323133334,0
"73",109,109,"Lee, Danny","Y",2623,13.689,37,144,107,57.81818182,71.26186486,1.345794393,0.253090909,0.062545455,1.203781093,0,12,0,0.315636364,0.315636364,0.315636364,0
"74",149,149,"Piller, Martin","N",1938,15.448,27,89,78,78.66666667,72.34992593,1.141025641,-0.379444444,0.675111111,0.90143941,0,5.5,0,0.295666667,0.295666667,0.295666667,0
"75",147,147,"Piercy, Scott","Y",2678,23.373,38,160,108,35.1,71.08876316,1.481481481,0.3478,-0.0885,1.975725974,0,11,2,2.2593,0.2593,0.4593,0
"76",162,162,"Senden, John","N",2478,10.027,35,129,102,65,71.08648571,1.264705882,0.115,0.134636364,1.070340669,0,7.5,14,14.24963636,0.249636364,1.649636364,0
"77",198,198,"Wilcox, Will","N",2687,7.632,38,145,117,65.07692308,70.91136842,1.239316239,-0.182615385,0.423307692,1.066912149,0,6.5,0,0.240692307,0.240692307,0.240692307,0
"78",150,150,"Pinckney, Scott","N",3054,25.668,43,162,137,69.14285714,71.62018605,1.182481752,0.4735,-0.245214286,1.015425475,0,5.5,0,0.228285714,0.228285714,0.228285714,0
"79",75,75,"Hoffman, Charley","Y",2209,-5.439,31,110,93,57.22222222,71.0826129,1.182795699,0.216777778,0.008666667,1.217610398,0,10,15,15.22544445,0.225444445,1.725444445,0
"80",171,171,"Stegmaier, Brett","N",3316,19.347,47,174,130,62.66666667,70.96482979,1.338461538,0.265466667,-0.0456,1.107550557,0,5,0,0.219866667,0.219866667,0.219866667,0
"81",129,129,"Molder, Bryce","N",2777,18.463,39,130,103,65.46153846,71.67853846,1.262135922,-0.087307692,0.294461538,1.072526713,0,5.5,0,0.207153846,0.207153846,0.207153846,0
"82",200,200,"Wood, Chris","Y",860,4.412,12,49,37,37.66666667,72.03433333,1.324324324,0.159666667,0.010333333,1.872743602,0,11,0,0.17,0.17,0.17,0
"83",44,44,"Els, Ernie","Y",1584,1.478,22,76,79,61.83333333,72.06718182,0.962025316,0.050166667,0.118666667,1.147218164,0,5.5,12,12.16883333,0.168833334,1.368833334,0
"84",83,83,"Huh, John","N",3237,11.439,46,174,119,51.28571429,70.61823913,1.462184874,0.076571429,0.081285714,1.345368746,0,5.5,5,5.157857143,0.157857143,0.657857143,0
"85",169,169,"Steele, Brendan","N",2667,13.875,38,154,99,46.90909091,70.54934211,1.555555556,0.332090909,-0.177363636,1.467499326,0,8,0,0.154727273,0.154727273,0.154727273,0
"86",60,60,"Gouveia, Ricardo","N",147,0.886,2,4,7,99,73.943,0.571428571,0.113,0.019,0.739793651,0,8,0,0.132,0.132,0.132,0
"87",139,139,"Oosthuizen, Louis","Y",1001,-3.124,14,53,44,41,71.27685714,1.204545455,0.26925,-0.139,1.705903944,0,13,20,20.13025,0.13025,2.13025,0
"88",164,164,"Singh, Vijay","Y",2059,0.442,29,98,94,67.22222222,71.01524138,1.042553191,-0.069,0.196333333,1.039021808,0,5,11,11.12733333,0.127333333,1.227333333,0
"89",121,121,"Matsuyama, Hideki","Y",2018,11.791,29,144,71,41.33333333,69.9927931,2.028169014,0.600666667,-0.483777778,1.641477465,0,14,17,17.11688889,0.116888889,1.816888889,0
"90",154,154,"Reifers, Kyle","N",3594,21.223,51,205,151,50.2,70.88672549,1.357615894,-0.066666667,0.1832,1.382720643,0,5.5,0,0.116533333,0.116533333,0.116533333,0
"91",7,7,"Barnes, Ricky","N",3178,27.042,45,170,123,58.92857143,71.22315556,1.382113821,-0.895,1.008285714,1.18325889,0,5,5,5.113285714,0.113285714,0.613285714,0
"92",159,159,"Saunders, Sam","N",2431,5.332,34,109,104,74.66666667,71.65682353,1.048076923,-0.252333333,0.356916667,0.944252187,0,5,0,0.104583334,0.104583334,0.104583334,0
"93",201,201,"Woodland, Gary","N",2684,2.564,38,146,111,40.4,70.69905263,1.315315315,0.3647,-0.2728,1.715144488,0,9,10,10.0919,0.0919,1.0919,0
"94",64,64,"Hadley, Chesson","N",2871,4.198,40,133,132,72.58333333,71.87995,1.007575758,-0.088083333,0.158916667,0.975451769,0,5,0,0.070833334,0.070833334,0.070833334,0
"95",152,152,"Reavie, Chez","N",3356,25.566,48,175,110,43.84615385,70.44929167,1.590909091,0.298307692,-0.241692308,1.569163111,0,7,0,0.056615384,0.056615384,0.056615384,0
"96",18,18,"Cabrera, Angel","Y",2246,7.559,31,107,114,75.6,72.69545161,0.938596491,0.0961,-0.0452,0.94849147,0,5,27,27.0509,0.0509,2.7509,0
"97",59,59,"Gore, Jason","N",2761,21.512,39,153,110,54.72727273,71.34646154,1.390909091,-0.036,0.083,1.277398799,0,5.5,0,0.047,0.047,0.047,0
"98",5,5,"Ashun, Wu","N",288,5.684,4,13,13,58,73.421,1,0,0,1.248637931,0,6,0,0,0,0,0
"99",12,12,"Bourdy, Gregory","N",284,1.071,4,17,15,35,71.26775,1.133333333,0,0,2.003840476,0,6.5,0,0,0,0,0
"100",17,17,"Burmester, Dean","N",285,1.071,4,15,12,39,71.51775,1.25,0,0,1.801737179,0,7.5,0,0,0,0,0
"101",25,25,"Chia, Danny","N",576,15.207,8,25,23,67.5,73.900875,1.086956522,0,0,1.078724718,0,5,0,0,0,0,0
"102",38,38,"Dodt, Andrew","N",575,15.207,8,35,30,62,73.775875,1.166666667,0,0,1.171116263,0,5,0,0,0,0,0
"103",45,45,"Elvira, Nacho","N",141,2.043,2,7,6,99,71.5215,1.166666667,0,0,0.710654882,0,5,0,0,0,0,0
"104",50,50,"Fisher Jr, Trevor","N",288,5.684,4,15,10,58,73.421,1.5,0,0,1.240017241,0,5.5,0,0,0,0,0
"105",53,53,"Fleetwood, Tommy","N",280,5.684,4,16,9,30,71.421,1.777777778,0,0,2.321440741,0,8,0,0,0,0,0
"106",69,69,"Hatton, Tyrrell","N",286,5.684,4,13,10,54,72.921,1.3,0,0,1.326314815,0,7,0,0,0,0,0
"107",82,82,"Howell, David","N",280,5.684,4,17,9,30,71.421,1.888888889,0,0,2.317737037,0,7,0,0,0,0,0
"108",119,119,"Marksaeng, Prayad","N",283,9.523,4,17,10,56,73.13075,1.7,0,0,1.275549107,0,7.5,0,0,0,0,0
"109",132,132,"Morrison, James","N",279,5.684,4,15,7,27,71.171,2.142857143,0,0,2.556597884,0,7.5,0,0,0,0,0
"110",135,135,"Noren, Alexander","N",286,5.684,4,14,13,54,72.921,1.076923077,0,0,1.330445869,0,7.5,0,0,0,0,0
"111",138,138,"Olesen, Thorbjorn","N",277,5.684,4,20,7,19,70.671,2.857142857,0,0,3.569150376,0,9.5,12,12,0,1.2,0
"112",145,145,"Peterson, Paul","N",277,9.523,4,19,8,29,71.63075,2.375,0,0,2.38812931,0,5,0,0,0,0,0
"113",192,192,"Warren, Marc","N",303,5.684,4,10,19,76,77.171,0.526315789,0,0,1.008482687,0,7.5,0,0,0,0,0
"114",202,202,"Zanotti, Fabrizio","N",146,0.299,2,4,6,99,73.1495,0.666666667,0,0,0.732149832,0,6.5,0,0,0,0,0
"115",146,146,"Pettersson, Carl","N",1869,18.459,26,85,88,83.9,72.59457692,0.965909091,-0.4915,0.4651,0.854053252,0,5.5,2,1.9736,-0.0264,0.1736,0
"116",176,176,"Stroud, Chris","N",2767,15.457,39,140,116,70.38461538,71.34505128,1.206896552,-0.081923077,0.055230769,0.996877608,0,6,0,-0.026692308,-0.026692308,-0.026692308,0
"117",156,156,"Romero, Andres","N",1134,11.894,16,57,41,70.16666667,71.618375,1.390243902,-0.3345,0.294,1.001453175,0,5,0,-0.0405,-0.0405,-0.0405,0
"118",186,186,"van der Walt, Dawie","N",2832,19.848,40,154,125,70.61538462,71.2962,1.232,-0.003923077,-0.047307692,0.992920044,0,5.5,0,-0.051230769,-0.051230769,-0.051230769,0
"119",73,73,"Henry, J.J.","N",2583,18.904,36,111,112,62.2,72.27511111,0.991071429,-0.2089,0.1576,1.146870413,0,5.5,0,-0.0513,-0.0513,-0.0513,0
"120",130,130,"Molinari, Francesco","N",1694,5.88,24,90,75,59.85714286,70.82833333,1.2,0.067428571,-0.124857143,1.164201273,0,8,7,6.942571428,-0.057428572,0.642571428,0
"121",9,9,"Blair, Zac","N",3340,26.073,47,158,128,64.53333333,71.61857447,1.234375,-0.220466667,0.140266667,1.091907017,0,6.5,0,-0.0802,-0.0802,-0.0802,0
"122",195,195,"Weekley, Boo","N",3060,22.495,43,156,129,66.28571429,71.68593023,1.209302326,0.428857143,-0.511357143,1.064469602,0,6.5,0,-0.0825,-0.0825,-0.0825,0
"123",49,49,"Finau, Tony","N",2889,17.77,41,155,109,59.76923077,70.89682927,1.422018349,0.178692308,-0.302076923,1.164448574,0,7.5,0,-0.123384615,-0.123384615,-0.123384615,0
"124",22,22,"Cejka, Alex","N",2783,35.932,40,166,90,46.41666667,70.4733,1.844444444,-0.255083333,0.1165,1.481524716,0,6.5,2,1.861416667,-0.138583333,0.061416667,0
"125",182,182,"Thomas, Justin","Y",2794,21.811,40,180,109,38,70.395275,1.651376147,0.078727273,-0.228545455,1.812992554,0,11.5,0,-0.149818182,-0.149818182,-0.149818182,0
"126",61,61,"Grace, Branden","Y",1267,1.987,18,69,45,36.2,70.49927778,1.533333333,0.3144,-0.4784,1.909666974,0,14.5,5,4.836,-0.164,0.336,0
"127",153,153,"Reed, Patrick","Y",2594,20.672,37,148,76,34.8,70.66681081,1.947368421,0.3089,-0.4761,1.979501218,0,14.5,0,-0.1672,-0.1672,-0.1672,0
"128",84,84,"Ishikawa, Ryo","N",1218,18.06,17,67,61,77.66666667,72.70941176,1.098360656,-0.4405,0.260833333,0.924344006,0,7,7,6.820333333,-0.179666667,0.520333333,0
"129",56,56,"Glover, Lucas","N",2946,22.314,42,164,97,55.53846154,70.67414286,1.690721649,0.555307692,-0.738230769,1.24537739,0,5,4,3.817076923,-0.182923077,0.217076923,0
"130",107,107,"Lahiri, Anirban","Y",2124,16.353,30,123,92,54,71.3451,1.336956522,-0.163111111,-0.027444444,1.299975908,0,10.5,2,1.809444445,-0.190555555,0.00944444500000002,0
"131",95,95,"Kelly, Jerry","N",2398,22.193,34,109,77,46.22222222,71.18214706,1.415584416,0.092777778,-0.331555556,1.514538615,0,6,0,-0.238777778,-0.238777778,-0.238777778,0
"132",77,77,"Hoge, Tom","N",2627,16.545,37,122,102,73.41666667,71.44716216,1.196078431,-0.36525,0.123083333,0.960180482,0,5,0,-0.242166667,-0.242166667,-0.242166667,0
"133",70,70,"Hearn, David","N",3109,26.49,44,160,116,64.42857143,71.26113636,1.379310345,-0.042142857,-0.215214286,1.088634772,0,6.5,0,-0.257357143,-0.257357143,-0.257357143,0
"134",165,165,"Smith, Cameron","N",2779,17.556,39,142,119,63.91666667,71.7065641,1.193277311,-0.40075,0.124333333,1.107531214,0,7.5,0,-0.276416667,-0.276416667,-0.276416667,0
"135",112,112,"Lingmerth, David","Y",2891,37.275,41,169,119,49.27272727,71.42134146,1.420168067,0.308909091,-0.599,1.426575475,0,11.5,0,-0.290090909,-0.290090909,-0.290090909,0
"136",143,143,"Pampling, Rod","N",1141,12.092,16,54,42,78.5,72.06825,1.285714286,0.005833333,-0.3075,0.905531241,0,5.5,0,-0.301666667,-0.301666667,-0.301666667,0
"137",36,36,"de Jonge, Brendon","N",3193,29.119,45,144,119,71.13333333,71.60264444,1.210084034,0.036733333,-0.345466667,0.993926341,0,6,2,1.691266666,-0.308733334,-0.108733334,0
"138",105,105,"Kokrak, Jason","N",3115,9.499,44,160,113,57.57142857,71.01134091,1.415929204,0.223428571,-0.533214286,1.214234198,0,7,0,-0.309785715,-0.309785715,-0.309785715,0
"139",2,2,"Aldridge, Tyler","N",3065,18.884,43,149,136,68,71.71823256,1.095588235,-0.409857143,0.094357143,1.043208005,0,5,0,-0.3155,-0.3155,-0.3155,0
"140",94,94,"Kaymer, Martin","Y",720,-1.608,10,39,36,57,71.8392,1.083333333,0.326666667,-0.653666667,1.247067836,0,11.5,6,5.673,-0.327,0.273,0
"141",133,133,"Muto, Toshinori","N",140,2.701,2,5,4,99,71.3505,1.25,-0.031,-0.303,0.711459596,0,6.5,0,-0.334,-0.334,-0.334,0
"142",151,151,"Poulter, Ian","Y",1790,-4.492,25,68,61,55.28571429,71.42032,1.114754098,-0.118285714,-0.224571429,1.277878453,0,9.5,30,29.65714286,-0.342857143,2.657142857,0
"143",57,57,"Gomez, Fabian","Y",2530,22.937,36,138,89,53,70.91491667,1.550561798,0.028636364,-0.379,1.315372047,0,10,0,-0.350363636,-0.350363636,-0.350363636,0
"144",62,62,"Grillo, Emiliano","Y",2545,22.252,36,145,104,46.8,71.31255556,1.394230769,0.3927,-0.7615,1.501861641,0,12,0,-0.3688,-0.3688,-0.3688,0
"145",54,54,"Fraser, Marcus","N",302,-3.421,4,13,23,60,74.64475,0.565217391,-2.238,1.855,1.24104221,0,9,0,-0.383,-0.383,-0.383,0
"146",155,155,"Rodgers, Patrick","N",2958,15.814,42,168,116,49.69230769,70.80509524,1.448275862,0.378,-0.803076923,1.404279647,0,7,0,-0.425076923,-0.425076923,-0.425076923,0
"147",42,42,"Dufner, Jason","Y",3075,17.646,44,186,125,42.08333333,70.28740909,1.488,0.32,-0.7985,1.646207741,0,8.5,12,11.5215,-0.4785,0.7215,0
"148",102,102,"Knox, Russell","Y",2730,21.868,39,149,82,45,70.56071795,1.817073171,0.019545455,-0.524818182,1.538864833,0,12,0,-0.505272727,-0.505272727,-0.505272727,0
"149",189,189,"Villegas, Camilo","N",2828,10.556,40,144,109,66.30769231,70.9639,1.321100917,-0.877846154,0.355692308,1.058172144,0,5.5,2,1.477846154,-0.522153846,-0.322153846,0
"150",111,111,"Levin, Spencer","N",3449,25.73,49,184,126,61.93333333,70.91285714,1.46031746,0.043466667,-0.579066667,1.130056077,0,5,0,-0.5356,-0.5356,-0.5356,0
"151",140,140,"Ortiz, Carlos","N",2650,9.25,37,142,131,77.07692308,71.87162162,1.083969466,-0.854307692,0.312538462,0.925431615,0,5,0,-0.54176923,-0.54176923,-0.54176923,0
"152",168,168,"Stallings, Scott","N",2497,6.425,35,120,114,76.28571429,71.52642857,1.052631579,-0.002142857,-0.542214286,0.930949586,0,5,5,4.455642857,-0.544357143,-0.044357143,0
"153",39,39,"Donald, Luke","N",2611,17.164,37,122,87,51,71.03145946,1.402298851,-0.3755,-0.169,1.37595413,0,7.5,17,16.4555,-0.5445,1.1555,0
"154",3,3,"An, Byeong Hun","Y",857,4.412,12,50,36,35.66666667,71.78433333,1.388888889,0.299333333,-0.877666667,1.989919003,0,12.5,0,-0.578333334,-0.578333334,-0.578333334,0
"155",90,90,"Jones, Matt","N",2422,12.013,34,140,108,64.36363636,71.58861765,1.296296296,0.34,-0.956454545,1.101690021,0,10,0,-0.616454545,-0.616454545,-0.616454545,0
"156",134,134,"Na, Kevin","Y",2853,27.293,41,175,98,34,70.25104878,1.785714286,-0.208,-0.424,2.032274544,0,13,12,11.368,-0.632,0.568,0
"157",74,74,"Herman, Jim","Y",3315,21.143,47,178,125,55.42857143,70.98176596,1.424,0.450071429,-1.114785714,1.266900417,0,6,0,-0.664714285,-0.664714285,-0.664714285,0
"158",197,197,"Wiesberger, Bernd","N",1136,-1.788,16,56,41,51.2,70.88825,1.365853659,-0.0206,-0.664,1.371230397,0,11.5,5,4.3154,-0.6846,-0.1846,0
"159",122,122,"McDowell, Graeme","Y",1823,9.708,26,106,61,45.375,70.48876923,1.737704918,-0.1835,-0.570875,1.531800315,0,8.5,7,6.245625,-0.754375,-0.0543750000000001,0
"160",193,193,"Watney, Nick","N",1198,23.023,17,63,40,63.2,71.82488235,1.575,-0.7862,0.008,1.123862063,0,6.5,11,10.2218,-0.7782,0.3218,0
"161",31,31,"Compton, Erik","N",2659,3.444,37,125,126,70.33333333,71.95794595,0.992063492,-0.41575,-0.382083333,1.020337191,0,5,2,1.202166667,-0.797833333,-0.597833333,0
"162",19,19,"Campbell, Chad","N",3027,20.996,43,153,112,62.42857143,70.88362791,1.366071429,0.241857143,-1.050142857,1.126500905,0,5.5,0,-0.808285714,-0.808285714,-0.808285714,0
"163",163,163,"Simpson, Webb","Y",1681,18.691,24,97,59,52.28571429,70.82045833,1.644067797,0.199857143,-1.127,1.340777961,0,8.5,7,6.072857143,-0.927142857,-0.227142857,0
"164",55,55,"Garcia, Sergio","Y",1470,4.817,21,84,49,36.5,70.22938095,1.714285714,0.413833333,-1.351833333,1.902824527,0,13.5,22,21.062,-0.938,1.262,0
"165",180,180,"Tabuena, Miguel","N",139,2.701,2,7,6,99,70.8505,1.166666667,1.283,-2.228,0.713422559,0,7,0,-0.945,-0.945,-0.945,0
"166",114,114,"Love III, Davis","Y",2134,17.538,30,110,88,55.5,71.71793333,1.25,-0.164,-0.788875,1.286861411,0,6,0,-0.952875,-0.952875,-0.952875,0
"167",174,174,"Streelman, Kevin","Y",2543,13.963,36,140,96,59.66666667,71.02675,1.458333333,0.212666667,-1.1695,1.18198743,0,7.5,7,6.043166667,-0.956833333,-0.256833333,0
"168",173,173,"Streb, Robert","Y",2634,9.853,37,130,114,58.36363636,71.45548649,1.140350877,-0.052818182,-0.908818182,1.221253102,0,10.5,0,-0.961636364,-0.961636364,-0.961636364,0
"169",144,144,"Perez, Pat","N",2001,20.592,28,102,92,88.81818182,72.19971429,1.108695652,-0.316727273,-0.649909091,0.811293966,0,5.5,0,-0.966636364,-0.966636364,-0.966636364,0
"170",34,34,"Davis, Brian","N",1142,11.999,16,54,44,87.16666667,72.1249375,1.227272727,-0.218833333,-0.777666667,0.824789653,0,7,0,-0.9965,-0.9965,-0.9965,0
"171",187,187,"Varner III, Harold","N",3046,17.638,43,173,143,65.92857143,71.24739535,1.20979021,0.204785714,-1.268142857,1.078454466,0,5,0,-1.063357143,-1.063357143,-1.063357143,0
"172",158,158,"Sabbatini, Rory","N",2588,19.51,36,129,120,76.08333333,72.43083333,1.075,0.119583333,-1.26225,0.952882804,0,5.5,0,-1.142666667,-1.142666667,-1.142666667,0
"173",27,27,"Cink, Stewart","N",3031,20.308,43,169,127,61.38461538,70.96065116,1.330708661,-0.142230769,-1.061230769,1.153927635,0,5.5,12,10.79653846,-1.203461538,-0.00346153800000004,0
"174",24,24,"Chappell, Kevin","N",2601,22.789,37,145,104,59.09090909,70.91321622,1.394230769,0.130545455,-1.336090909,1.196876677,0,7,2,0.794454546,-1.205545454,-1.005545454,0
"175",125,125,"McNeill, George","N",1654,0.779,23,80,83,84.11111111,71.94691304,0.963855422,-0.525444444,-0.711333333,0.858624199,0,6,0,-1.236777777,-1.236777777,-1.236777777,0
"176",103,103,"Kodaira, Satoshi","N",503,10.017,7,23,22,76,73.28814286,1.045454545,0.0575,-1.3085,0.967022215,0,6.5,0,-1.251,-1.251,-1.251,0
"177",13,13,"Bowditch, Steven","Y",2650,26.22,36,130,148,74.08333333,74.33944444,0.878378378,-1.356833333,0.073333333,1.008925526,0,8,0,-1.2835,-1.2835,-1.2835,0
"178",97,97,"Kirk, Chris","N",2354,20.332,33,106,88,58.7,71.94945455,1.204545455,-0.1164,-1.2128,1.227838315,0,10,7,5.6708,-1.3292,-0.6292,0
"179",21,21,"Castro, Roberto","N",2947,27.912,42,161,103,52.25,70.8312381,1.563106796,0.31575,-1.677166667,1.351761684,0,5,0,-1.361416667,-1.361416667,-1.361416667,0
"180",47,47,"Every, Matt","N",2031,13.869,28,98,100,74.1,73.03103571,0.98,-0.5963,-0.7891,0.991045016,0,6.5,0,-1.3854,-1.3854,-1.3854,0
"181",68,68,"Harrington, Padraig","N",2260,15.964,32,122,88,50.88888889,71.123875,1.386363636,-0.189444444,-1.249555556,1.39866507,0,6.5,10,8.561,-1.439,-0.439,0
"182",100,100,"Kjeldsen, Soren","Y",721,3.149,10,35,33,57.66666667,72.4149,1.060606061,-0.060666667,-1.412666667,1.262906831,0,11,0,-1.473333334,-1.473333334,-1.473333334,0
"183",91,91,"Karlsson, Robert","N",212,3.734,3,11,9,99,71.91133333,1.222222222,-1.0685,-0.4535,0.729405163,0,5.5,7,5.478,-1.522,-0.822,0
"184",137,137,"Ogilvy, Geoff","N",1874,3.607,26,77,88,88.9,72.21565385,0.875,-0.0717,-1.548,0.820701393,0,6,17,15.3803,-1.6197,0.0803,0
"185",66,66,"Hahn, James","N",2496,20.236,35,127,103,61.45454545,71.89245714,1.233009709,-0.345272727,-1.329727273,1.177039825,0,7,0,-1.675,-1.675,-1.675,0
"186",128,128,"Miyazato, Yusaku","N",579,2.843,8,25,34,65.5,72.730375,0.735294118,-0.0525,-1.674,1.125520319,0,7.5,0,-1.7265,-1.7265,-1.7265,0
"187",14,14,"Bradley, Keegan","Y",2126,11.942,30,105,83,73.45454545,71.26473333,1.265060241,0.194818182,-2.076090909,0.978577233,0,7.5,12,10.11872727,-1.881272727,-0.681272727,0
"188",71,71,"Hend, Scott","N",863,11.786,12,48,36,36.33333333,72.89883333,1.333333333,0.009333333,-2.061666667,2.026178899,0,7,0,-2.052333334,-2.052333334,-2.052333334,0
"189",141,141,"Owen, Greg","N",3200,20.994,45,165,141,66.64285714,71.57764444,1.170212766,0.434928571,-2.488642857,1.087305513,0,6,0,-2.053714286,-2.053714286,-2.053714286,0
"190",181,181,"Tanihara, Hideto","N",277,6.264,4,13,10,73,70.816,1.3,0.232,-2.376,0.981643836,0,7,0,-2.144,-2.144,-2.144,0
"191",51,51,"Fisher, Ross","N",565,2.263,8,31,19,22.5,70.907875,1.631578947,0.3545,-2.652,3.181057602,0,7.5,7,4.7025,-2.2975,-1.5975,0
"192",170,170,"Stefani, Shawn","N",2517,20.558,35,107,114,83.38461538,72.50165714,0.938596491,-0.260692308,-2.101923077,0.886562535,0,5.5,0,-2.362615385,-2.362615385,-2.362615385,0
"193",87,87,"Jaidee, Thongchai","Y",558,5.932,8,37,15,22,70.4915,2.466666667,-0.237,-2.1275,3.199515152,0,12,4,1.6355,-2.3645,-1.9645,0
"194",148,148,"Pieters, Thomas","N",573,7.833,8,30,23,49.5,72.604125,1.304347826,-0.579,-2.0545,1.493601559,0,9,0,-2.6335,-2.6335,-2.6335,0
"195",28,28,"Clark, Tim","N",1350,24.791,19,69,60,77.42857143,72.35742105,1.15,-0.784571429,-1.937285714,0.954806176,0,5.5,5,2.278142857,-2.721857143,-2.221857143,0
"196",196,196,"Westwood, Lee","Y",433,6.115,6,17,16,75,73.18583333,1.0625,-0.0785,-2.8305,1.000431111,0,10,37,34.091,-2.909,0.791,0
"197",30,30,"Coetzee, George","N",583,-2.35,8,23,26,46,72.58125,0.884615385,-0.0775,-3.52,1.636829013,0,8,0,-3.5975,-3.5975,-3.5975,0
"198",78,78,"Holman, Nathan","N",298,-3.421,4,11,15,56,73.64475,0.733333333,0.656,-4.282,1.366739583,0,6.5,0,-3.626,-3.626,-3.626,0
"199",32,32,"Couples, Fred","N",146,-0.318,2,5,8,99,72.841,0.625,-1.111,-2.994,0.770919192,0,6,20,15.895,-4.105,-2.105,0
"200",29,29,"Clarke, Darren","Y",154,-3.871,2,4,15,99,75.0645,0.266666667,-1.867,-2.382,0.798452862,0,7,4,-0.249,-4.249,-3.849,0
"201",41,41,"Dubuisson, Victor","N",297,-3.421,4,5,11,52,73.39475,0.454545455,-0.308,-5.809,1.520330857,0,11.5,0,-6.117,-6.117,-6.117,0
"202",15,15,"Broberg, Kristoffer","N",311,-3.421,4,11,26,64,76.89475,0.423076923,-1.017,-6.183,1.307369892,0,8.5,0,-7.2,-7.2,-7.2,0
